year,gdp_growth_pct,gdp_usd,merchandise_exports_usd,export_yoy_pct
2000,1.14606213709108,1136896123.61298,536000000,
2001,2.95271054338117,1267997934.3125,521000000,-2.7985074626865725
2002,4.73297846590111,1396555719.97409,524000000,0.5758157389635254
2003,7.00463457384886,1595297355.78349,616000000,17.557251908396942
2004,10.6254059599309,1992066808.09598,870000000,41.23376623376625
2005,7.25366543796015,2523471601.10421,1065000000,22.413793103448263
2006,8.55623481664365,3414055661.61598,1543000000,44.88262910798122
2007,10.2480163590057,4234999703.90059,1889000000,22.42384964355153
2008,8.90036794067551,5623216608.04288,2539000000,34.40974060349391
2009,-1.26859893608282,4583850367.88972,1903000000,-25.04923198109492
2010,6.3651616786311,7189481998.90094,2899000000,52.338413032054646
2011,17.2907775869555,10409797377.8571,4818000000,66.19523973784062
2012,12.3198198494032,12292770631.565,4385000000,-8.98713158987131
2013,11.6489161878925,12582122604.2577,4269000000,-2.645381984036488
2014,7.88522548204762,12226514668.0622,5775000000,35.27758257203093
2015,2.37983580731722,11619892590.6941,4669000000,-19.151515151515152
2016,1.48978448679577,11181350649.3573,4916000000,5.290212036838726
2017,5.63687638694772,11480847740.736,6201000000,26.139137510170873
2018,7.74488062024881,13178094720.4986,7012000000,13.07853572004516
2019,5.60224422064255,14206359017.5143,7620000000,8.670849971477468
2020,-4.55775197583431,13312981429.0891,7576000000,-0.5774278215223139
2021,1.63676957736662,15286441737.6686,9241000000,21.977296726504747
2022,5.0327096366527,17146471713.748,12539000000,35.68877827074992
2023,7.4221127615025,20325121393.9074,15187000000,21.118111492144507
2024,5.12204539122661,23794540024.5132,15783000000,3.9244090340422755
